{
  "timestamp": "2026-03-27T10:14:44.996Z",
  "node": "v22.19.0",
  "suites": [
    {
      "label": "simple",
      "path": "/bench/simple",
      "iterations": 100,
      "ttfb": {
        "mean": 0.21606463000000103,
        "p50": 0.18104200000001924,
        "p95": 0.4587089999999989,
        "p99": 0.8525419999999997,
        "min": 0.1554999999999893,
        "max": 0.8525419999999997
      },
      "total": {
        "mean": 0.24665415999999907,
        "p50": 0.21316699999999855,
        "p95": 0.4899169999999913,
        "p99": 0.9412920000000042,
        "min": 0.17758399999999597,
        "max": 0.9412920000000042
      },
      "bodyBytes": 1107,
      "serverData": null,
      "serverRender": null
    },
    {
      "label": "data-1",
      "path": "/bench/data-1",
      "iterations": 100,
      "ttfb": {
        "mean": 0.5468803599999865,
        "p50": 0.5259580000001733,
        "p95": 0.8466249999996762,
        "p99": 2.0224580000001424,
        "min": 0.2652919999999881,
        "max": 2.0224580000001424
      },
      "total": {
        "mean": 21.82060371999999,
        "p50": 21.857250000000022,
        "p95": 22.797791999999845,
        "p99": 24.448374999999942,
        "min": 20.657166000000018,
        "max": 24.448374999999942
      },
      "bodyBytes": 4437,
      "serverData": null,
      "serverRender": null
    },
    {
      "label": "data-3",
      "path": "/bench/data-3",
      "iterations": 100,
      "ttfb": {
        "mean": 0.5796908000000031,
        "p50": 0.5424170000005688,
        "p95": 0.9267909999998665,
        "p99": 1.413499999999658,
        "min": 0.34208399999988615,
        "max": 1.413499999999658
      },
      "total": {
        "mean": 31.895021160000006,
        "p50": 31.9188750000003,
        "p95": 32.71870899999976,
        "p99": 33.30262500000026,
        "min": 30.80712500000027,
        "max": 33.30262500000026
      },
      "bodyBytes": 1299,
      "serverData": null,
      "serverRender": null
    },
    {
      "label": "cached",
      "path": "/bench/cached",
      "iterations": 100,
      "ttfb": {
        "mean": 0.14090454999999566,
        "p50": 0.12545799999952578,
        "p95": 0.25749999999970896,
        "p99": 0.5329170000004524,
        "min": 0.09470799999962765,
        "max": 0.5329170000004524
      },
      "total": {
        "mean": 0.15339621000002807,
        "p50": 0.13595799999984592,
        "p95": 0.2675829999998314,
        "p99": 0.5452500000001237,
        "min": 0.10458299999936571,
        "max": 0.5452500000001237
      },
      "bodyBytes": 1041,
      "serverData": null,
      "serverRender": null
    },
    {
      "label": "nav/simple",
      "path": "/bench/simple",
      "iterations": 100,
      "ttfb": {
        "mean": 0.15080785000001926,
        "p50": 0.12516599999980826,
        "p95": 0.3545000000003711,
        "p99": 0.7068749999998545,
        "min": 0.09504099999958271,
        "max": 0.7068749999998545
      },
      "total": {
        "mean": 0.16158331000002363,
        "p50": 0.1343749999996362,
        "p95": 0.36208299999998417,
        "p99": 0.8008330000002388,
        "min": 0.10349999999925785,
        "max": 0.8008330000002388
      },
      "bodyBytes": 244,
      "serverData": null,
      "serverRender": null
    },
    {
      "label": "nav/data-1",
      "path": "/bench/data-1",
      "iterations": 100,
      "ttfb": {
        "mean": 21.65396829000002,
        "p50": 21.741833000000042,
        "p95": 22.10450000000037,
        "p99": 22.266125000000102,
        "min": 20.614916999999878,
        "max": 22.266125000000102
      },
      "total": {
        "mean": 21.69912578999997,
        "p50": 21.77666700000009,
        "p95": 22.144542,
        "p99": 22.31579200000033,
        "min": 20.683374999999614,
        "max": 22.31579200000033
      },
      "bodyBytes": 3513,
      "serverData": null,
      "serverRender": null
    },
    {
      "label": "nav/data-3",
      "path": "/bench/data-3",
      "iterations": 100,
      "ttfb": {
        "mean": 31.570420009999854,
        "p50": 31.710832999999184,
        "p95": 32.321500000000015,
        "p99": 32.830957999998645,
        "min": 30.063625000000684,
        "max": 32.830957999998645
      },
      "total": {
        "mean": 31.617417509999832,
        "p50": 31.77074999999968,
        "p95": 32.37395899999865,
        "p99": 32.86749999999847,
        "min": 30.105125000000044,
        "max": 32.86749999999847
      },
      "bodyBytes": 375,
      "serverData": null,
      "serverRender": null
    }
  ],
  "bundles": {
    "contact.boot": {
      "file": "contact.boot-IBC3WEQQ.js",
      "bytes": 2506
    },
    "counter.boot": {
      "file": "counter.boot-VUWQFE5L.js",
      "bytes": 1229
    },
    "runtime": {
      "file": "runtime-YLZ4ZGK4.js",
      "bytes": 7017
    }
  }
}