{
  "timestamp": "2026-03-27T10:18:56.124Z",
  "node": "v22.19.0",
  "suites": [
    {
      "label": "simple",
      "path": "/bench/simple",
      "iterations": 100,
      "ttfb": {
        "mean": 0.20563084000000145,
        "p50": 0.18975000000000364,
        "p95": 0.3084999999999809,
        "p99": 0.3952500000000043,
        "min": 0.1581250000000125,
        "max": 0.3952500000000043
      },
      "total": {
        "mean": 0.2324024900000009,
        "p50": 0.21391700000000924,
        "p95": 0.3381250000000193,
        "p99": 0.41900000000001114,
        "min": 0.17929200000000378,
        "max": 0.41900000000001114
      },
      "bodyBytes": 1107,
      "serverData": null,
      "serverRender": null
    },
    {
      "label": "data-1",
      "path": "/bench/data-1",
      "iterations": 100,
      "ttfb": {
        "mean": 0.7231991400000055,
        "p50": 0.6069999999999709,
        "p95": 1.3360000000000127,
        "p99": 5.75383399999987,
        "min": 0.3484579999999369,
        "max": 5.75383399999987
      },
      "total": {
        "mean": 21.97315788,
        "p50": 22.07249999999999,
        "p95": 23.11658299999999,
        "p99": 26.644374999999854,
        "min": 19.998166999999967,
        "max": 26.644374999999854
      },
      "bodyBytes": 4437,
      "serverData": null,
      "serverRender": null
    },
    {
      "label": "data-3",
      "path": "/bench/data-3",
      "iterations": 100,
      "ttfb": {
        "mean": 0.6268471300000147,
        "p50": 0.5844999999999345,
        "p95": 0.9985829999995985,
        "p99": 1.1298750000005384,
        "min": 0.3552500000000691,
        "max": 1.1298750000005384
      },
      "total": {
        "mean": 31.835656279999977,
        "p50": 31.83570899999995,
        "p95": 32.87379099999998,
        "p99": 33.21837500000038,
        "min": 30.470499999999447,
        "max": 33.21837500000038
      },
      "bodyBytes": 1299,
      "serverData": null,
      "serverRender": null
    },
    {
      "label": "cached",
      "path": "/bench/cached",
      "iterations": 100,
      "ttfb": {
        "mean": 0.16630372999999962,
        "p50": 0.15245899999990797,
        "p95": 0.26525000000037835,
        "p99": 0.6830829999998969,
        "min": 0.11033299999962765,
        "max": 0.6830829999998969
      },
      "total": {
        "mean": 0.17928999000002477,
        "p50": 0.1643340000000535,
        "p95": 0.2829170000004524,
        "p99": 0.6972909999994954,
        "min": 0.12158300000010058,
        "max": 0.6972909999994954
      },
      "bodyBytes": 1041,
      "serverData": null,
      "serverRender": null
    },
    {
      "label": "nav/simple",
      "path": "/bench/simple",
      "iterations": 100,
      "ttfb": {
        "mean": 0.12842208000000027,
        "p50": 0.12133300000004965,
        "p95": 0.18400000000019645,
        "p99": 0.40683400000034453,
        "min": 0.09862499999962893,
        "max": 0.40683400000034453
      },
      "total": {
        "mean": 0.1374654400000418,
        "p50": 0.1303749999997308,
        "p95": 0.19520900000043184,
        "p99": 0.41912500000034925,
        "min": 0.1056669999998121,
        "max": 0.41912500000034925
      },
      "bodyBytes": 244,
      "serverData": null,
      "serverRender": null
    },
    {
      "label": "nav/data-1",
      "path": "/bench/data-1",
      "iterations": 100,
      "ttfb": {
        "mean": 23.305352510000013,
        "p50": 21.81816699999945,
        "p95": 30.285417000000052,
        "p99": 61.82841699999972,
        "min": 20.61737499999981,
        "max": 61.82841699999972
      },
      "total": {
        "mean": 23.580659580000038,
        "p50": 21.857834000000366,
        "p95": 38.78645899999901,
        "p99": 61.93529200000012,
        "min": 20.651084000000083,
        "max": 61.93529200000012
      },
      "bodyBytes": 3513,
      "serverData": null,
      "serverRender": null
    },
    {
      "label": "nav/data-3",
      "path": "/bench/data-3",
      "iterations": 100,
      "ttfb": {
        "mean": 34.72833883000005,
        "p50": 32.297999999998865,
        "p95": 45.54833299999882,
        "p99": 159.19945800000096,
        "min": 30.571374999999534,
        "max": 159.19945800000096
      },
      "total": {
        "mean": 35.20303163999999,
        "p50": 32.33662499999991,
        "p95": 54.97037499999897,
        "p99": 159.31729199999972,
        "min": 30.614792000000307,
        "max": 159.31729199999972
      },
      "bodyBytes": 375,
      "serverData": null,
      "serverRender": null
    },
    {
      "label": "stream/scoped",
      "path": "/bench/stream-scoped",
      "iterations": 100,
      "shellTime": {
        "mean": 22.275940050000063,
        "p50": 22.028416999997717,
        "p95": 23.573624999999083,
        "p99": 44.38508299999921,
        "min": 20.258083999997325,
        "max": 44.38508299999921
      },
      "total": {
        "mean": 102.80312997000006,
        "p50": 102.13579100000061,
        "p95": 104.98820799999885,
        "p99": 150.9461250000022,
        "min": 100.29716699999881,
        "max": 150.9461250000022
      },
      "bodyBytes": 1667
    },
    {
      "label": "stream/unscoped",
      "path": "/bench/stream-unscoped",
      "iterations": 100,
      "shellTime": {
        "mean": 104.54545327000037,
        "p50": 102.28058299999975,
        "p95": 118.00083299999824,
        "p99": 186.62187500000073,
        "min": 100.76629200000025,
        "max": 186.62187500000073
      },
      "total": {
        "mean": 104.71869873000007,
        "p50": 102.34912500000064,
        "p95": 118.09866599999805,
        "p99": 191.36387500000274,
        "min": 100.789166999999,
        "max": 191.36387500000274
      },
      "bodyBytes": 1673
    }
  ],
  "bundles": {
    "contact.boot": {
      "file": "contact.boot-IBC3WEQQ.js",
      "bytes": 2506
    },
    "counter.boot": {
      "file": "counter.boot-VUWQFE5L.js",
      "bytes": 1229
    },
    "runtime": {
      "file": "runtime-YLZ4ZGK4.js",
      "bytes": 7017
    }
  }
}