{
  "timestamp": "2026-03-27T09:29:14.607Z",
  "node": "v22.19.0",
  "suites": [
    {
      "label": "simple",
      "path": "/bench/simple",
      "iterations": 100,
      "ttfb": {
        "mean": 0.18297082000000045,
        "p50": 0.17108400000000756,
        "p95": 0.2559579999999926,
        "p99": 0.4467909999999904,
        "min": 0.15024999999999977,
        "max": 0.4467909999999904
      },
      "total": {
        "mean": 0.20846497000000028,
        "p50": 0.19445799999999736,
        "p95": 0.30350000000001387,
        "p99": 0.48399999999998045,
        "min": 0.17208299999998644,
        "max": 0.48399999999998045
      },
      "bodyBytes": 1107,
      "serverData": null,
      "serverRender": null
    },
    {
      "label": "data-1",
      "path": "/bench/data-1",
      "iterations": 100,
      "ttfb": {
        "mean": 0.6133241500000065,
        "p50": 0.4627920000002632,
        "p95": 1.2224160000000666,
        "p99": 2.668916000000081,
        "min": 0.29625000000010004,
        "max": 2.668916000000081
      },
      "total": {
        "mean": 21.990226709999998,
        "p50": 21.921583999999996,
        "p95": 22.944167000000107,
        "p99": 23.517833999999993,
        "min": 20.591375000000085,
        "max": 23.517833999999993
      },
      "bodyBytes": 4437,
      "serverData": null,
      "serverRender": null
    },
    {
      "label": "data-3",
      "path": "/bench/data-3",
      "iterations": 100,
      "ttfb": {
        "mean": 0.5387367000000086,
        "p50": 0.4626250000001164,
        "p95": 1.293916999999965,
        "p99": 1.4869160000007469,
        "min": 0.28574999999955253,
        "max": 1.4869160000007469
      },
      "total": {
        "mean": 31.784648730000022,
        "p50": 31.87787500000013,
        "p95": 32.797083000000384,
        "p99": 33.82358299999942,
        "min": 30.11054200000035,
        "max": 33.82358299999942
      },
      "bodyBytes": 1299,
      "serverData": null,
      "serverRender": null
    },
    {
      "label": "cached",
      "path": "/bench/cached",
      "iterations": 100,
      "ttfb": {
        "mean": 0.14762670000003708,
        "p50": 0.13516700000036508,
        "p95": 0.23062500000014552,
        "p99": 0.5274579999995694,
        "min": 0.11129199999959383,
        "max": 0.5274579999995694
      },
      "total": {
        "mean": 0.16071208999996997,
        "p50": 0.1472089999997479,
        "p95": 0.2516670000004524,
        "p99": 0.5587909999994736,
        "min": 0.12033299999984592,
        "max": 0.5587909999994736
      },
      "bodyBytes": 1041,
      "serverData": null,
      "serverRender": null
    },
    {
      "label": "nav/simple",
      "path": "/bench/simple",
      "iterations": 100,
      "ttfb": {
        "mean": 0.11551874999987376,
        "p50": 0.11016599999948085,
        "p95": 0.13649999999961437,
        "p99": 0.39541600000029575,
        "min": 0.09170799999992596,
        "max": 0.39541600000029575
      },
      "total": {
        "mean": 0.12438039999991815,
        "p50": 0.11924999999973807,
        "p95": 0.1472909999993135,
        "p99": 0.40704099999948085,
        "min": 0.09787500000038563,
        "max": 0.40704099999948085
      },
      "bodyBytes": 244,
      "serverData": null,
      "serverRender": null
    },
    {
      "label": "nav/data-1",
      "path": "/bench/data-1",
      "iterations": 100,
      "ttfb": {
        "mean": 21.649980459999988,
        "p50": 21.569624999999178,
        "p95": 22.391042000000198,
        "p99": 22.874499999999898,
        "min": 20.5278330000001,
        "max": 22.874499999999898
      },
      "total": {
        "mean": 21.690494169999955,
        "p50": 21.597499999999854,
        "p95": 22.469167000000198,
        "p99": 22.954249999998865,
        "min": 20.546290999999655,
        "max": 22.954249999998865
      },
      "bodyBytes": 3513,
      "serverData": null,
      "serverRender": null
    },
    {
      "label": "nav/data-3",
      "path": "/bench/data-3",
      "iterations": 100,
      "ttfb": {
        "mean": 31.646467500000053,
        "p50": 31.64995799999997,
        "p95": 32.36629200000061,
        "p99": 32.69512500000019,
        "min": 30.283833000001323,
        "max": 32.69512500000019
      },
      "total": {
        "mean": 31.690145040000026,
        "p50": 31.678874999999607,
        "p95": 32.40204200000153,
        "p99": 32.79820800000016,
        "min": 30.3387500000008,
        "max": 32.79820800000016
      },
      "bodyBytes": 375,
      "serverData": null,
      "serverRender": null
    }
  ],
  "bundles": {
    "contact.boot": {
      "file": "contact.boot-IBC3WEQQ.js",
      "bytes": 2506
    },
    "counter.boot": {
      "file": "counter.boot-VUWQFE5L.js",
      "bytes": 1229
    },
    "runtime": {
      "file": "runtime-YLZ4ZGK4.js",
      "bytes": 7017
    }
  }
}