{
  "timestamp": "2026-03-27T09:21:12.621Z",
  "node": "v22.19.0",
  "suites": [
    {
      "label": "simple",
      "path": "/bench/simple",
      "iterations": 100,
      "ttfb": {
        "mean": 0.18461582000000049,
        "p50": 0.1646250000000009,
        "p95": 0.2852500000000191,
        "p99": 0.42183299999999235,
        "min": 0.1447080000000085,
        "max": 0.42183299999999235
      },
      "total": {
        "mean": 0.21154751000000033,
        "p50": 0.18912499999999,
        "p95": 0.31433400000000233,
        "p99": 0.4727500000000191,
        "min": 0.1662499999999909,
        "max": 0.4727500000000191
      },
      "bodyBytes": 1107,
      "serverData": null,
      "serverRender": null
    },
    {
      "label": "data-1",
      "path": "/bench/data-1",
      "iterations": 100,
      "ttfb": {
        "mean": 0.6358262399999944,
        "p50": 0.5394169999999576,
        "p95": 1.2368329999999332,
        "p99": 2.6608750000000327,
        "min": 0.22608299999990322,
        "max": 2.6608750000000327
      },
      "total": {
        "mean": 22.039515369999986,
        "p50": 22.052624999999807,
        "p95": 23.031082999999853,
        "p99": 23.720332999999982,
        "min": 20.468165999999655,
        "max": 23.720332999999982
      },
      "bodyBytes": 4437,
      "serverData": null,
      "serverRender": null
    },
    {
      "label": "data-3",
      "path": "/bench/data-3",
      "iterations": 100,
      "ttfb": {
        "mean": 0.5651482699999678,
        "p50": 0.49766700000009223,
        "p95": 1.3021660000003976,
        "p99": 1.4529170000000704,
        "min": 0.23220799999944575,
        "max": 1.4529170000000704
      },
      "total": {
        "mean": 31.685546209999952,
        "p50": 31.745542000000114,
        "p95": 32.82679100000041,
        "p99": 33.18908300000021,
        "min": 29.795499999999265,
        "max": 33.18908300000021
      },
      "bodyBytes": 1299,
      "serverData": null,
      "serverRender": null
    },
    {
      "label": "cached",
      "path": "/bench/cached",
      "iterations": 100,
      "ttfb": {
        "mean": 0.1482587500000227,
        "p50": 0.13324999999986176,
        "p95": 0.2303750000000946,
        "p99": 0.3728339999997843,
        "min": 0.10658300000068266,
        "max": 0.3728339999997843
      },
      "total": {
        "mean": 0.16088121999998292,
        "p50": 0.145542000000205,
        "p95": 0.24883299999964947,
        "p99": 0.3845839999994496,
        "min": 0.11658299999999144,
        "max": 0.3845839999994496
      },
      "bodyBytes": 1041,
      "serverData": null,
      "serverRender": null
    },
    {
      "label": "nav/simple",
      "path": "/bench/simple",
      "iterations": 100,
      "ttfb": {
        "mean": 0.11078830999994352,
        "p50": 0.10883399999966059,
        "p95": 0.12508299999990413,
        "p99": 0.37304199999925913,
        "min": 0.09274999999979627,
        "max": 0.37304199999925913
      },
      "total": {
        "mean": 0.1193449899999905,
        "p50": 0.11745799999971496,
        "p95": 0.13524999999935972,
        "p99": 0.38433399999939866,
        "min": 0.09883399999944231,
        "max": 0.38433399999939866
      },
      "bodyBytes": 244,
      "serverData": null,
      "serverRender": null
    },
    {
      "label": "nav/data-1",
      "path": "/bench/data-1",
      "iterations": 100,
      "ttfb": {
        "mean": 21.61796121999997,
        "p50": 21.62274999999954,
        "p95": 22.23725000000013,
        "p99": 22.784042000000227,
        "min": 20.593541999999616,
        "max": 22.784042000000227
      },
      "total": {
        "mean": 21.65816495000001,
        "p50": 21.65904099999989,
        "p95": 22.343792000000576,
        "p99": 22.863250000000335,
        "min": 20.61554199999955,
        "max": 22.863250000000335
      },
      "bodyBytes": 3513,
      "serverData": null,
      "serverRender": null
    },
    {
      "label": "nav/data-3",
      "path": "/bench/data-3",
      "iterations": 100,
      "ttfb": {
        "mean": 31.698053359999975,
        "p50": 31.66662499999984,
        "p95": 32.492291999999,
        "p99": 32.72829199999978,
        "min": 30.043375000001106,
        "max": 32.72829199999978
      },
      "total": {
        "mean": 31.743360929999927,
        "p50": 31.71479199999885,
        "p95": 32.56791599999997,
        "p99": 32.881624999999985,
        "min": 30.08008300000074,
        "max": 32.881624999999985
      },
      "bodyBytes": 375,
      "serverData": null,
      "serverRender": null
    }
  ],
  "bundles": {
    "contact.boot": {
      "file": "contact.boot-IBC3WEQQ.js",
      "bytes": 2506
    },
    "counter.boot": {
      "file": "counter.boot-VUWQFE5L.js",
      "bytes": 1229
    },
    "runtime": {
      "file": "runtime-YLZ4ZGK4.js",
      "bytes": 7017
    }
  }
}