{
  "timestamp": "2026-03-27T09:20:25.195Z",
  "node": "v22.19.0",
  "suites": [
    {
      "label": "simple",
      "path": "/bench/simple",
      "iterations": 100,
      "ttfb": {
        "mean": 0.18965339000000087,
        "p50": 0.17383399999999938,
        "p95": 0.29887500000000955,
        "p99": 0.3626250000000084,
        "min": 0.14820799999998258,
        "max": 0.3626250000000084
      },
      "total": {
        "mean": 0.21540463999999956,
        "p50": 0.19762500000001637,
        "p95": 0.32587499999999636,
        "p99": 0.40537499999999227,
        "min": 0.16808299999999576,
        "max": 0.40537499999999227
      },
      "bodyBytes": 1054,
      "serverData": null,
      "serverRender": null
    },
    {
      "label": "data-1",
      "path": "/bench/data-1",
      "iterations": 100,
      "ttfb": {
        "mean": 0.7174741700000027,
        "p50": 0.6867910000000848,
        "p95": 1.1546250000001237,
        "p99": 1.5141250000001492,
        "min": 0.26679200000012315,
        "max": 1.5141250000001492
      },
      "total": {
        "mean": 22.057245399999985,
        "p50": 22.128749999999854,
        "p95": 22.988791999999876,
        "p99": 23.292291999999975,
        "min": 20.543083000000024,
        "max": 23.292291999999975
      },
      "bodyBytes": 4384,
      "serverData": null,
      "serverRender": null
    },
    {
      "label": "data-3",
      "path": "/bench/data-3",
      "iterations": 100,
      "ttfb": {
        "mean": 0.7575587300000006,
        "p50": 0.7104169999997794,
        "p95": 1.4852919999998448,
        "p99": 1.7593329999999696,
        "min": 0.2626669999999649,
        "max": 1.7593329999999696
      },
      "total": {
        "mean": 31.95738079999998,
        "p50": 32.02441699999963,
        "p95": 32.793916999999965,
        "p99": 33.06345800000008,
        "min": 30.259124999999585,
        "max": 33.06345800000008
      },
      "bodyBytes": 1246,
      "serverData": null,
      "serverRender": null
    },
    {
      "label": "cached",
      "path": "/bench/cached",
      "iterations": 100,
      "ttfb": {
        "mean": 0.1528695300000345,
        "p50": 0.13799999999991996,
        "p95": 0.2255829999994603,
        "p99": 0.48387499999989814,
        "min": 0.09737500000028376,
        "max": 0.48387499999989814
      },
      "total": {
        "mean": 0.16491832000000614,
        "p50": 0.14895900000010442,
        "p95": 0.2435829999994894,
        "p99": 0.49779099999977916,
        "min": 0.10537500000009459,
        "max": 0.49779099999977916
      },
      "bodyBytes": 988,
      "serverData": null,
      "serverRender": null
    },
    {
      "label": "nav/simple",
      "path": "/bench/simple",
      "iterations": 100,
      "ttfb": {
        "mean": 0.13343495999998595,
        "p50": 0.1262909999995827,
        "p95": 0.19287500000064028,
        "p99": 0.423333000000639,
        "min": 0.08924999999999272,
        "max": 0.423333000000639
      },
      "total": {
        "mean": 0.14239336000002367,
        "p50": 0.13475000000016735,
        "p95": 0.20391700000072888,
        "p99": 0.4311250000000655,
        "min": 0.09600000000045839,
        "max": 0.4311250000000655
      },
      "bodyBytes": 244,
      "serverData": null,
      "serverRender": null
    },
    {
      "label": "nav/data-1",
      "path": "/bench/data-1",
      "iterations": 100,
      "ttfb": {
        "mean": 21.82076291000002,
        "p50": 21.85304200000064,
        "p95": 22.433207999999468,
        "p99": 23.03662499999973,
        "min": 20.698709000000235,
        "max": 23.03662499999973
      },
      "total": {
        "mean": 21.865540849999878,
        "p50": 21.896166999998968,
        "p95": 22.511749999999665,
        "p99": 23.08691699999963,
        "min": 20.723042000000532,
        "max": 23.08691699999963
      },
      "bodyBytes": 3513,
      "serverData": null,
      "serverRender": null
    },
    {
      "label": "nav/data-3",
      "path": "/bench/data-3",
      "iterations": 100,
      "ttfb": {
        "mean": 31.878054999999968,
        "p50": 31.92083300000013,
        "p95": 32.69962499999929,
        "p99": 33.174958999999944,
        "min": 30.299708999998984,
        "max": 33.174958999999944
      },
      "total": {
        "mean": 31.93094377999998,
        "p50": 31.96887500000048,
        "p95": 32.76958299999933,
        "p99": 33.27116700000079,
        "min": 30.37066699999923,
        "max": 33.27116700000079
      },
      "bodyBytes": 375,
      "serverData": null,
      "serverRender": null
    }
  ],
  "bundles": {
    "contact.boot": {
      "file": "contact.boot-IBC3WEQQ.js",
      "bytes": 2506
    },
    "counter.boot": {
      "file": "counter.boot-VUWQFE5L.js",
      "bytes": 1229
    },
    "runtime": {
      "file": "runtime-YLZ4ZGK4.js",
      "bytes": 7017
    }
  }
}